verdict	city	state	rows	primary_city
foreign	Bruges		1	
junk	1550 Evans Ave		1	
real	Occoquan Historic District	VA	21	Occoquan
junk	Street: 525 w. new castle street		1	
junk	3746 Fallon Rd		1	
real	Duluth	WI	1	Duluth
wrong	San Francisco	UT	41	San Francisco
real	Burke Centre	VA	3	Burke Centre
real	Mt Pleasant	SC	4	Mt Pleasant
real	Mt Charleston	NV	1	Mt Charleston
real	Hillsborough Township	NJ	2	Hillsborough Township
real	Camden	DE	2	Camden
foreign	Loerrach		1	
real	Crestview Hills	KY	4	Crestview Hills
foreign	San Luis Río Colorado		4	
real	Kingstowne	VA	6	Kingstowne
junk	8000 E Prentice Ave STE A3		14	
real	East Dundee		1	East Dundee
junk	300 Perry St		1	
junk	19500 Ballinger Way NE # 111	WA	1	
metro	Miami-Fort Lauderdale Area		2	Miami
junk	8455 Colesville Rd Suite 820		1	
junk	521 Parnassus Ave # C36		2	
foreign	Nuoro		1	
foreign	Delemont		1	
foreign	Novi Sad		2	
real	Bedford Heights	OH	37	Bedford Heights
junk	Street: 300 north commons blvd. box w94		1	
real	Edgewood	WA	2	Edgewood
real	Oklahoma		1	Oklahoma
foreign	Fortaleza, Ceará	NV	1	
foreign	Tuebingen		1	
foreign	Bonn		1	
foreign	Riyadh		2	
foreign	Kalutara		1	
foreign	Swindon		1	
metro	Tampa - orlando	FL	1	Tampa
real	Elizabeth	NY	2	Elizabeth
foreign	Mersin		1	
real	North Perry	OH	1	North Perry
metro	Boulder/Denver	CO	1	Denver
real	Fort Cavazos	TX	1	Fort Cavazos
junk	2015 N Slappey Blvd		1	
junk	3373 Hillview Ave		3	
junk	2000 suite 200 Embarcadero		2	
real	Rock Hill	NC	3	Rock Hill
junk	camarketingpros.com		1	
foreign	Kotputli		1	
metro	Baton Rouge Metropolitan Area		1	Baton Rouge
metro	Louisville Metropolitan Area		2	Louisville
junk	Street: 6119 horseshoe bar road		1	
metro	Seattle - Bellevue	WA	1	Seattle
junk	400 N Winchester Blvd		1	
foreign	Beijing		4	
real	Holly Hills	CO	1	Holly Hills
junk	Fraccionamiento El Mirador		1	
junk	6240 S Main St Ste 275		1	
junk	9125 Rehco Rd		1	
metro	Greater Kennewick Area	WA	1	Kennewick
metro	Greater Phoenix		1	Phoenix
junk	lbd2c.com		1	
junk	200 Clover Ave		2	
wrong	San Francisco	QC	1	San Francisco
junk	11588 Via Rancho San Diego		1	
foreign	Amersfoort		2	
real	San José	CA	3	San José
real	Parma Heights	OH	33	Parma Heights
real	Naramata	BC	1	Naramata
junk	1558 Northside Industrial Blvd		1	
junk	Street: 8655 e via de ventura		1	
real	Pontoon Beach	IL	51	Pontoon Beach
real	South Riding	VA	81	South Riding
foreign	Naucalpan		1	
junk	8503 Patterson Ave # A		1	
foreign	Rio de Janeiro		2	
wrong	CALABASAS, CA	NV	1	Calabasas
foreign	Jodhpur		1	
real	North Auburn	CA	1	North Auburn
junk	747 N Dean Rd		1	
junk	St. Augustine		9	
junk	2 Washington Ave		7	
foreign	Tijuana		95	
foreign	Mitcham		1	
real	West Windsor Township		1	
junk	dental services		4	
junk	220 Diego Ct		2	
foreign	Kalaburgi		1	
junk	Street: 276 s main st		1	
foreign	Kaithal		1	
real	Castlegar	BC	1	
junk	undefined		98	
metro	Northern California	CA	1	Northern California
junk	126 Union St Suite 1		1	
real	Missouri		1	
junk	1106 Hooksett Rd		1	
real	Brooks	AB	1	
real	Mt. Lebanon	PA	1	
real	Texas		4	
real	Roxborough Park	CO	35	
metro	Greater Roanoke Area	VA	1	Roanoke
wrong	Youngstown, OH	CA	1	Youngstown
foreign	Kefar Sava		1	
real	Grand Forks	MN	2	
metro	Greater Indianapolis	IN	1	Indianapolis
real	West Melbourne	FL	5	
junk	195 S Davis Rd		2	
junk	425 3rd St		1	
foreign	Nuevo Progreso		1	
real	Woodbridge Township		14	
foreign	Cape Town		2	
junk	3374 Holcomb Bridge Rd		2	
real	Moreno Valley, US	UT	1	Moreno Valley
real	South Barrington	IL	3	
junk	2310 N Monroe St		1	
real	N Springfield	VA	1	
foreign	Cardiff	CA	5	
metro	Greater Nashville Area	TN	2	Nashville
real	Cottonwood Heights	UT	6	
junk	1724 Northside Industrial Blvd		1	
metro	Springfield-Branson	MO	1	Springfield-Branson
wrong	Cambrian Park	CA	3	Cambrian Park
wrong	Emeryville	ON	2	Emeryville
real	St Simons Island	GA	1	St Simons Island
junk	Located in Pauahi Tower		1	
foreign	Aguascalientes		1	Aguascalientes
junk	4S Ranch	CA	1	
junk	4355 Ruffin Rd		1	
junk	2001 W Main St Suite 135		1	
junk	1021 Royal Gardens Cir		1	
real	Grosse Pointe Woods	MI	3	Grosse Pointe Woods
real	Las Vegas, us	NV	1	Las Vegas
real	West Point	UT	5	West Point
real	River Ridge	LA	1	River Ridge
junk	Street: 3 lynnhaven pkwy.		1	
junk	730 Story Rd #5		1	
real	San Tan Valley	AZ	1	San Tan Valley
junk	Minnesota		4	
metro	Greater Tampa Bay Area	FL	4	Tampa
foreign	Mumbai		24	Mumbai
real	Rothesay	NB	1	Rothesay
junk	St. Cloud		5	
foreign	Florianopolis		1	Florianopolis
real	Doral	FL	1	Doral
real	Springfield	CT	1	Springfield
junk	3355 Sierra Rd		1	
junk	Fort Eisenhower		1	
junk	1022 E Depot St		1	
junk	333 1st St #A		1	
metro	Central Florida Area (orlando To Tampa)	FL	1	Orlando
real	Oro	ON	1	Oro
real	Seven Hills	OH	75	Seven Hills
real	Chester Township	NJ	1	Chester Township
junk	3305 Tyler St		1	
junk	195 Telluride St UNIT 6		1	
wrong	Mentor On The	OH	15	Mentor
junk	3350 Scott Blvd # 3301		1	
metro	Portland & Eugene	OR	2	Portland
real	Celebration	FL	8	Celebration
foreign	Yerevan		1	Yerevan
junk	777 Valencia St		1	
junk	2231 Michigan Ave		1	
junk	1703 Greenvale Rd		6	
junk	975 Island Dr		1	
metro	Greater Phoenix Area		1	Phoenix
foreign	Blantyre		1	
foreign	Zuerich		3	
wrong	Evanston, Wyoming	UT	1	Evanston
junk	351 4th Ave		1	
real	Cahokia Heights	IL	3	Cahokia Heights
real	Middletown Township	NJ	4	Middletown Township
real	Empire	GA	6	Empire
real	Happy Valley	CA	1	Happy Valley
real	St Cloud		3	St Cloud
real	North Randall	OH	4	North Randall
real	St. petersburg	FL	1	St. Petersburg
metro	Washington DC-Baltimore Area		2	Washington DC
foreign	Muscat		1	
real	St Marys		1	St Marys
junk	1201 Brewster Ave		1	
foreign	Wollongong		1	
junk	798 21st Ave		2	
real	Palo Alto, CA, US	CA	1	Palo Alto
metro	Cincinnati Metropolitan Area		1	Cincinnati
metro	Greater Boston		7	Boston
real	Temple Terrace		2	Temple Terrace
foreign	Singapore		43	
foreign	Maharashtra		1	
foreign	Bebedouro		1	
wrong	Falls Church, VA	UT	1	Falls Church
real	North Fair Oaks	CA	3	North Fair Oaks
real	Brooklyn Heights	OH	4	Brooklyn Heights
foreign	Managua , NI	NV	1	
real	Cleveland Heights	OH	171	Cleveland Heights
real	Moapa Valley	NV	1	Moapa Valley
real	Edgewood	KY	1	Edgewood
real	St. Augustine	FL	5	St. Augustine
foreign	Overijssel		1	
foreign	Bhubaneshwar		1	
real	Woodstock	NB	2	Woodstock
real	Stone Ridge	VA	24	Stone Ridge
real	Las Vegas, Nevada	NV	10	
real	Lakewood Ranch		2	
metro	Little Rock Metropolitan Area		2	Little Rock
wrong	Livermore, US	CA	1	Livermore
junk	11040 Roselle St	CA	1	
foreign	Dendermonde	NV	1	
real	Arnprior	ON	3	
real	Highland	UT	11	
junk	1111 Suffolk Dr		1	
real	Tioga	FL	1	
junk	Street: 3017 21st street		1	
foreign	Kiryat Ono		1	
junk	Barro Alto		1	
junk	2514 Warm Springs Rd		1	
real	St Charles	IL	1	
junk	1670 Beam Ave # 204		1	
junk	416 Waverley St a		1	
real	Bingham Farms	MI	1	
real	Doaktown	NB	1	
junk	668 W Remington Dr		1	
junk	8100 Westcliff Dr		2	
junk	3506 Darrow Rd		1	
real	Millcreek	UT	34	
junk	110-B N Avon Ave		1	
real	Oakbrook Terrace		3	
real	Trail	BC	1	
real	Brookside	DE	1	
junk	5318 NC-55 #106		1	
metro	Huntsville-Decatur-Albertville Area		1	Huntsville
real	Los Altos Hills	CA	3	
real	Washington, Utah	UT	1	
real	Pagedale	MO	1	
junk	Kildeer		1	
wrong	Austin	CA	1	Austin
real	North Brunswick Township	NJ	3	
foreign	Wokingham		1	
real	Cherry Hill Township	NJ	5	
real	Waikoloa Village	HI	1	
junk	26 Shunpike Rd		2	
real	Temple Terrace	FL	125	
junk	Brilliant Births	CA	1	
foreign	Bayan Lepas		1	
junk	1888 W 800 N St		1	
real	Glendale	WI	1	
real	Mt Prospect	IL	19	
junk	1135 Broad St Suite 207		2	
real	Whitecourt		1	
foreign	Jaipur		4	
wrong	Fairfax County	VA	424	Fairfax
wrong	Rinconada	CA	1	Rinconada
real	Jurupa Valley	CA	2	
real	San Francisco, CA	CA	1	San Francisco
foreign	Hurghada		1	
real	Jersey City	NY	20	
foreign	Dubai		18	
junk	Washington D.C.		2	
wrong	St louis	MO	1	St. Louis
junk	500 Davis St Suite 100		1	
foreign	Bangkok		4	
junk	4240 Meritas Dr		1	
real	Peachtree Corners		1	
metro	Northern Virginia	VA	3	Northern Virginia
foreign	Mohkhed		1	
junk	1017 E Robinson St		1	
real	Shoreline	WA	38	
real	Mount Madonna	CA	1	
junk	Denver Colorado And Around The World		1	
foreign	Tallinn		2	
foreign	Alwar		1	
real	St. Louis	MO	7970	St. Louis
junk	522 E Broad St		1	
foreign	Basti		1	
real	Athabasca	AB	2	
wrong	California, US	CA	1	California
real	Fruit Heights	UT	3	
foreign	Malmoe		1	
junk	Greater Montgomery Area		1	
junk	2731 W Evans Ave		1	
real	High Prairie	AB	2	
junk	2312 La Mirada Dr		1	
real	Ken-Caryl	CO	3	
real	Olds	AB	1	
junk	FL		2	
junk	2600 Hilltop Dr C238		1	
metro	Tampa/st. Petersburg	FL	2	Tampa
junk	570 Price Ave STE 100		5	
junk	361 3rd St G		1	
foreign	Dalian		1	
junk	TX		1	
real	Penacook	NH	1	
junk	2567 Mission St		1	
real	Orem, Utah	UT	2	Orem
real	South Daytona	FL	1	
real	Mt Vernon	IA	2	
foreign	Duesseldorf		2	
junk	Cleveland Ohio		1	
real	Tracy, California	CA	1	Tracy
junk	1685 Crown Ave		1	
real	Cottage City	MD	1	
junk	2025 Declaration Dr Ste B		1	
junk	Street: 357 windsor highway		1	
real	New Brighton	CA	2	
real	Slave Lake	AB	4	
real	Parkland	FL	1	
foreign	Rehovot		1	
junk	201 Carter Dr		1	
junk	Street: 1101 dekalb pike		1	
junk	840 Kennesaw Ave #2		15	
junk	3487 US-431		31	
wrong	california	CA	1	
real	St. Louis		2	
junk	2200 Clarendon Blvd R140		1	
real	260 Audubon Ave	NY	2	
real	West Valley	CA	1	
metro	Greater Sacramento	CA	7	Sacramento
foreign	Morges		1	
junk	3171 Chili Ave Suite 200		1	
real	Ogden, US	UT	1	Ogden
wrong	Plymouth County	MA	1	
real	New Alexandria	VA	671	
junk	3401 W Tecumseh Rd Suite B		3	
metro	Atlanta Metropolitan Area		134	Atlanta
real	Trinity	FL	2	
wrong	Young Acres	GA	1	
real	Pilesgrove	NJ	1	
wrong	Woodbridge Township	NY	35	
junk	585 Carl Vinson Pkwy Suite 100		1	
real	Payne	GA	1	
junk	6501 Standing Boy Rd		1	
foreign	Beckenham		1	
real	Third Lake	IL	1	
junk	203 N Lake Dr		1	
foreign	Cartier		21	
real	Payson, Utah	UT	1	
junk	387 Quarry St		1	
real	Tampa Florida	FL	1	
foreign	Shoreline		1	
real	Lone Tree	CO	759	
real	Williams Lake	BC	1	
junk	1 Dewolf Rd #102		1	
junk	3434 Silver Creek Rd		1	
junk	75 Bellam Blvd		1	
foreign	Saipan		1	
real	Hallandale Beach	FL	2	
foreign	Baduria		1	
junk	137 S Gay St		1	
junk	2300 Gardner Ln		1	
foreign	Bengaluru		174	
junk	1835 S Federal Blvd		1	
real	Stonecrest	GA	10	
real	California	CA	494	
real	Plattsmouth	IA	2	
real	Cherry Hills Village	CO	7	
junk	4660 Appian Way Building 2		2	
real	Superior	CO	34	
junk	28237 Newhall Ranch Rd		1	
wrong	Homedale, Idaho	UT	1	
real	Banff	AB	1	
real	Johns creek	GA	1	
real	Oromocto	NB	1	
foreign	Espoo		1	
junk	1520 Mitchell Ave		2	
wrong	2210 Oak Ridge Way	CA	1	Oak Ridge
junk	Street: 8180 nw 36th st		1	
real	Southaven	TN	30	Southaven
real	ROXBOROUGH	CO	2	Roxborough
real	Massanutten		3	Massanutten
foreign	Matamoros		2	
real	Frontenac	MO	76	Frontenac
junk	1766 Embarcadero Rd		1	
real	Burr Ridge	IL	5	Burr Ridge
real	Muir Beach	CA	4	Muir Beach
junk	420 Stevens Ave UNIT 210		1	
junk	5620 Friars Rd		1	
metro	Anywhere - Cleveland	OH	1	Cleveland
real	Canmore	AB	3	Canmore
foreign	Sao Paulo		14	
junk	3950 Evergreen Ct		1	
metro	Boise Metropolitan Area		1	Boise
junk	664-A Lincoln St		1	
junk	1524 Pinto Ln 3rd Floor		3	
real	Nw washington dc	VA	1	Washington, D.C.
wrong	Nampa, Idaho	UT	1	Nampa
wrong	Sitike	CA	1	Sitike
real	Woodbridge Township	NJ	35	Woodbridge Township
real	South Bay	CA	4	South Bay
junk	8600 La Mesa Blvd Ste. B	LA	1	
real	North Puyallup	WA	1	Puyallup
foreign	Satigny		1	
real	Fargo	MN	1	Fargo
junk	136 N San Mateo Dr #101		1	
real	Newton Centre	MA	2	Newton Centre
junk	Street: 111 pine lake ave		1	
real	Peachtree Corners	GA	19	Peachtree Corners
wrong	Ogden, Utah	NV	1	Ogden
real	Nevada	NV	2	Nevada
foreign	Taipei		2	
junk	California/USA		1	
metro	Greenville-Spartanburg-Anderson	SC	1	Greenville
real	Howell Township	NJ	3	Howell Township
wrong	Mansfield	NJ	1	Mansfield
wrong	Edmonton, Alberta	NV	1	Edmonton
real	Garnet Valley	PA	1	Garnet Valley
junk	Newton County	MO	1	
junk	4 Manchester Ave		1	
wrong	Montclair	VA	26	Montclair
real	North Deland	FL	2	North Deland
junk	3011 Clark Ave		1	
real	Belleair	FL	1	Belleair
junk	111 Powell St		1	
foreign	Moradabad		1	Moradabad
junk	Arkansas		5	
junk	134 Executive Dr # 1		1	
real	Valley View	OH	1	Valley View
wrong	Palo Alto, US	CA	3	Palo Alto
real	Toledo	MI	1	Toledo
real	Columbus	AL	3	Columbus
wrong	St George, Utah	NV	1	St George
foreign	Kolhapur		1	Kolhapur
junk	Flintside	GA	3	
junk	800 Pollard Rd B205		1	
real	Francis	UT	2	Francis
junk	1781 15th St		1	
junk	Greenwood Village		8	
real	Huguley	AL	1	Huguley
junk	1270 Cope Ave E #1		1	
junk	New Jersey		1	
foreign	Ernakulam		1	Ernakulam
junk	1210 Millersville Pike		1	
junk	4001 N First St		1	
real	Wainwright	AB	1	Wainwright
junk	1801 Fruitville Pike		1	
real	St petersburg	FL	1	St Petersburg
junk	75 Magnolia Ave		1	
junk	7360 W Flamingo Rd		1	
real	Bonfield	ON	1	Bonfield
wrong	San Diego	MS	1	San Diego
real	Didsbury	AB	2	Didsbury
wrong	Arlington, VA, US	CA	1	Arlington
junk	10085 Scripps Ranch Ct Suite D	CA	1	
junk	1503 Orchard Hill Rd		2	
junk	1525 O'Brien Dr		1	
real	Sidney	BC	3	Sidney
real	Reno	CA	1	Reno
real	Port St. Lucie		1	Port St. Lucie
real	Village of Pelham		1	Pelham
junk	Street: 13495 veterans way.		1	
wrong	Glens Falls, NY	NV	1	Glens Falls
real	Sunset Hills	MO	8	Sunset Hills
real	Teays Valley	WV	3	Teays Valley
real	Silver Spring	DC	1	Silver Spring
real	Johns Creek	GA	17	Johns Creek
real	Gormley	ON	1	Gormley
wrong	San Francisco	MA	1	San Francisco
real	St Petersburg	FL	2601	St Petersburg
real	Littleton	VT	1	Littleton
real	Ken Caryl	CO	141	Ken Caryl
real	Houlton	NB	1	Houlton
real	Saugus	CA	1	Saugus
real	Eastvale		2	Eastvale
real	Highland Heights		1	Highland Heights
real	Brambleton	VA	13	Brambleton
foreign	London, GB	UT	1	
metro	Raleigh-Durham-Chapel Hill Area		9	Raleigh-Durham-Chapel Hill Area
real	St Clair	MO	15	St Clair
wrong	US	NV	2	US
real	West Valley City	CA	7	West Valley City
real	Clyde River	NU	1	Clyde River
metro	La Crescenta-Montrose		1	La Crescenta-Montrose
junk	12808 Drexmore Rd		1	
junk	1960 GA-247CONN		7	
metro	Greater Seattle	WA	2	Greater Seattle
foreign	Adelaide, AU	NV	1	
junk	Bussum		1	
junk	Hod Hasharon		1	
junk	1300 4th Ave		2	
foreign	TORQUAY, DEVON	NV	1	
real	Clermont, Florida	FL	1	Clermont
junk	1825 4th St Third Floor		1	
real	City of Orange	NJ	1	Orange
junk	20880 Baker Rd		1	
foreign	Baghdad		1	
junk	Street: 1073 willa springs dr		1	
foreign	Xabia		1	
metro	Las Vegas Metropolitan Area		11	Las Vegas
wrong	New York	NJ	10	New York
metro	Jonesboro-Paragould Area		1	Jonesboro
junk	990 Stewart Ave Lower Level		2	
real	Westchase	FL	1	Westchase
foreign	Bucharest		2	
metro	Los Angeles Metropolitan Area		17	Los Angeles
foreign	Bangarapet		1	
junk	717 20th St		1	
junk	2450 Estand Way		1	
foreign	Feldkirchen		1	
wrong	San Francisco	HI	1	San Francisco
real	Lake St Louis	MO	19	Lake St Louis
real	Harrisville	UT	1	Harrisville
real	Lindenwold		3	Lindenwold
junk	520 Industrial Pkwy S		1	
real	Saint John	MO	4	Saint John
junk	115 Wallace Dr		1	
junk	Golden Hills		1	
foreign	Benin City		1	
real	Castlegar		1	Castlegar
real	Lacombe	AB	2	Lacombe
wrong	San Luis, Arizona	NV	1	San Luis
foreign	New Cairo City		1	
junk	CA	CA	18	
junk	1275 Sacramento St		1	
junk	401 N Lindbergh Blvd Suite 300	MO	2	
foreign	Netanya		1	
real	South Sioux City	IA	11	South Sioux City
wrong	New York	CA	2	New York
real	St Cloud	FL	5	St Cloud
foreign	Wroclaw		1	
junk	4847 Cargo Dr		2	
junk	6810 Bandera Rd		4	
wrong	Destin, Florida	NV	1	Destin
real	Rosslyn	VA	6	Rosslyn
junk	285 Elm St Suite 101		1	
junk	115 W 1470 S		1	
real	Clinton Twp	MI	1	Clinton Township
foreign	Port Blair		1	
junk	Yuasa		1	
real	Plainsboro Township	NJ	2	Plainsboro Township
junk	10 E Hamilton Ave Ste 300		1	
real	Bingham Farms		1	Bingham Farms
junk	132 Franklin Corner Rd Suite B1		1	
junk	2012 Pine St		1	
foreign	Aqaba		1	
real	Fruit Cove	FL	1	Fruit Cove
wrong	Portland, Oregon	NV	1	Portland
real	West Chester Township	OH	5	West Chester Township
junk	Utah		5	
real	Bay Point	CA	2	Bay Point
real	Sheridan	CO	185	Sheridan
junk	17110 Lakeside Hills Plaza		1	
real	South Kingstown	RI	12	South Kingstown
foreign	Patna		1	
metro	Greater Houston	TX	1	Houston
junk	333 Ravenswood Ave		1	
wrong	Lehi, US	UT	1	Lehi
metro	Eugene/springfield	OR	1	Eugene
real	Fort Wright	KY	1	Fort Wright
junk	Kenmore Hills		1	
junk	1464 E Ridgeline Dr Suite 100		1	
junk	2114 Spring Valley Rd		1	
junk	San		1	
real	Fort Myer	VA	3	Fort Myer
real	Merriam	KS	1	Merriam
real	Broadlands	VA	10	Broadlands
real	Drayton Valley	AB	3	Drayton Valley
junk	905 W Perry Pkwy		8	
junk	1440 E Champlain Dr #101		1	
real	Riverdale	UT	10	Riverdale
foreign	Dhaka		12	
real	Cincinnati	KY	1	Cincinnati
real	Mendota Heights	MN	1	Mendota Heights
real	East Providence	MA	1	East Providence
real	Jackson Township	NJ	12	
real	St. Cloud	MN	11	
foreign	Chiyoda		1	
real	Storrs	CT	2	
junk	Unnamed Road		1	
real	Wellesley	ON	1	
foreign	Los Algodones		82	
wrong	San Francisco	WI	1	San Francisco
foreign	Petah Tikva		1	
real	Clovis	TX	2	
foreign	Porto		1	
junk	838 Shiloh Rd		3	
junk	35 Throckmorton Ave		1	
real	High Level	AB	1	
foreign	Dianella		1	
junk	10706 S River Front Pkwy		1	
junk	135 Osigian Blvd		1	
junk	15 Waverly Pl		1	
real	Daiso Corporate Office	CA	1	Daiso Corporate Office
junk	Connecticut		1	
junk	4803 MacCorkle Ave SE		1	
real	St Johnsbury	VT	1	
real	Trenton	PA	1	
real	Old Town Alexandria	VA	1	
foreign	Stoke-on-Trent		1	
junk	Colorado		4	
junk	midwestdentalarts.com		1	
junk	Upper Montclair		1	
real	N Key Largo	FL	1	
foreign	Shenzhen		2	
real	Lincolnia	VA	3	
junk	5900 Sea Lion Pl		1	
real	Crestwood	MO	21	
foreign	Hong Kong		11	
junk	22 Boston Wharf Rd		1	
real	Centerville	CA	1	
junk	Garnet Valley		1	
real	Peninsula	CA	2	
real	Intertek	CA	1	Intertek
real	Buffalo	ON	3	
foreign	Barcelona		5	
real	Easton	NJ	3	Easton
foreign	Osijek		1	
junk	3633 Vista Way		1	
real	Swansea	IL	216	Swansea
junk	2919 Seventh St		1	
junk	3179 Erie Blvd E		1	
real	Mt Vernon	VA	1	Mt Vernon
junk	4222 Gateway Blvd NW #102		1	
foreign	Mehsana		1	
real	Washington DC	DC	6	Washington DC
real	Anthem	AZ	2	Anthem
junk	710 Lawrence Expy #248		1	
junk	114 Pacifica Suite 350b		1	
metro	Dallas-Fort Worth Metroplex		10	Dallas-Fort Worth
junk	8250 Camino Santa Fe		1	
foreign	Paco de Arcos		1	
real	Carson City	CA	2	Carson City
foreign	Kfar Yona		1	
foreign	Hatchville		1	
junk	6480 Montezuma Rd	CA	1	
junk	106 Enterprise Ct		1	
junk	8 E 84th St	NY	1	
junk	Street: 42 garden center		1	
junk	2672 11th Ave		5	
junk	297 Boston Post Rd		30	
real	Green Valley	CA	1	Green Valley
real	St Johns	FL	5	St Johns
foreign	Bordeaux		1	
real	Green Brook Township	NJ	3	Green Brook Township
wrong	Des Moines (seattle)	WA	3	Des Moines
junk	19 Manchester Rd #3		1	
metro	Salt Lake City Metropolitan Area		11	Salt Lake City
junk	Street: 925 secret river drive		1	
real	Redcliff	AB	2	Redcliff
foreign	Suva		1	
junk	135 Beaver St #202		1	
real	Snyderville	UT	1	Snyderville
real	Dearborn	ON	1	Dearborn
foreign	Toulouse		1	
metro	La Crescenta-Montrose	CA	2	La Crescenta-Montrose
foreign	Lahore		4	
wrong	Vernon	CT	5	Vernon
junk	Street: 10010 colesville road		1	
real	Joppatowne	MD	1	Joppatowne
junk	1746 13th St		2	
metro	Greater Pittsburgh Region	PA	1	Pittsburgh
real	Pawtucket	MA	1	Pawtucket
real	Cumberland	ME	3	Cumberland
foreign	Cluj-Napoca		1	
metro	Greater Phoenix Area	AZ	1	Phoenix
metro	Denver Metropolitan Area		3510	Denver
junk	city: Manteca		1	
real	Glocester	RI	1	Glocester
real	Otsego	MN	2	Otsego
junk	995 NE-33 #1		1	
real	Middleburg Heights	OH	2	Middleburg Heights
junk	295 Englewood Ave		1	
real	Armstrong	BC	1	Armstrong
wrong	Contra Costa	CA	2	Contra Costa
real	Linwood	PA	1	Linwood
junk	gmail.com		1	
foreign	Noida		7	
foreign	Coimbatore		1	
real	Mint Hill	NC	1	Mint Hill
junk	155 E Cherry St		1	
foreign	Grimstad		1	
wrong	Omaha	IA	3	Omaha
foreign	Pune		13	
junk	901 Schneider St SE		1	
junk	1 Rockefeller Plaza		1	
foreign	Chengdu		1	
real	West Irvine	KY	1	West Irvine
wrong	San Francisco	NY	2	San Francisco
junk	209 E 56th St #1	NY	1	
real	Four corners	FL	1	Four Corners
real	Comox	BC	1	Comox
metro	Nashville Metropolitan Area		4	Nashville
real	Daniel Island	SC	2	Daniel Island
real	North Attleborough	MA	1	North Attleborough
real	Old Town Fairfax	VA	1	Fairfax
wrong	Austin, Texas	NV	1	Austin
real	Chattahoochee Hills	GA	1	Chattahoochee Hills
real	Gastonia	SC	4	Gastonia
junk	23300 Cinema Dr Suite 230		1	
foreign	Rawalpindi		1	Rawalpindi
real	Clair	NB	1	Clair
junk	1101 S Winchester Blvd Suite J-218		1	
junk	378 Tolleson Rd		2	
real	Countryside	VA	1	Countryside
real	Lehi, UT, US	UT	1	Lehi
junk	349 Geneva Rd		1	
metro	Greater Philadelphia		2	Philadelphia
real	St Paul	MN	8	St Paul
wrong	Los Angeles County	CA	4	Los Angeles
foreign	St. Petersburg		7	St. Petersburg
foreign	Herzliya		2	Herzliya
real	Mayfield Heights	OH	46	Mayfield Heights
junk	Godstone		1	
real	Chevy Chase	DC	9	Chevy Chase
junk	Hayes Elementary School	CA	1	
real	Cartier	MB	22	Cartier
wrong	Seattle	CA	3	Seattle
real	Memramcook	NB	2	Memramcook
foreign	Chennai		14	Chennai
junk	6200 Wilshire Blvd #1609		1	
junk	1919 7th Ave S		1	
real	Walton Hills	OH	2	Walton Hills
junk	Bebe au Lait	CA	1	
foreign	Marbella		1	Marbella
real	Falcon	CO	4	Falcon
real	Mt juliet location	TN	1	Mt Juliet
foreign	Nuevo Laredo		3	Nuevo Laredo
real	St Louisville	OH	4	St Louisville
wrong	San Francisco	FL	1	San Francisco
foreign	Andorra la Vella		1	Andorra la Vella
real	Kansas	KS	1	Kansas
metro	Memphis Metropolitan Area		1	Memphis
wrong	Detroit	ON	30	Detroit
real	Eastover	NC	1	Eastover
junk	1735 Mission St		2	
real	Hinton	AB	2	Hinton
real	Pennsauken Township		3	Pennsauken Township
real	Roeland Park	KS	2	Roeland Park
junk	24266 Postal Ave		1	
metro	Greater Albany	GA	1	Albany
junk	North Canton Ohio 44720	OH	1	
junk	177 N San Pedro Rd		1	
real	Marlow Heights	MD	2	Marlow Heights
real	Lansdowne	VA	37	Lansdowne
metro	Greater Orlando		4	Orlando
real	S. Euclid	OH	3	S. Euclid
real	Potomac Falls	VA	11	Potomac Falls
junk	Street: 2205 main street		1	
foreign	Bredbury		1	
real	Mt Rainier	MD	1	Mt Rainier
wrong	Dallas, Texas	NV	1	Dallas
wrong	Las Vegas, Nevada	UT	1	Las Vegas
real	Clinton	UT	7	Clinton
real	Lakeshore	ON	1	Lakeshore
foreign	Dehradun		2	
foreign	Lucknow		2	
junk	6955 S Union Park Center #510		1	
foreign	Yateley		1	
junk	Street: 6310 callaghan rd		1	
wrong	San Francisco	MI	1	San Francisco
real	Lakewood Ranch	FL	5	Lakewood Ranch
real	South Ogden	UT	10	South Ogden
real	Kinloch	MO	12	Kinloch
junk	628 Vulcan Materials Rd		1	
real	Branchburg	NJ	1	Branchburg
junk	375 S Third St		1	
foreign	Bourne		3	
wrong	Saratoga County	NY	2	Saratoga County
foreign	Karnataka		1	
metro	Greater Sacramento	FL	1	Sacramento
junk	1885 Lundy Ave		1	
wrong	Beersel	NV	1	Beersel
real	Bethesda	DC	4	Bethesda
real	Mt Prospect		6	Mt Prospect
junk	Street: 2061 w. la plume rd. la plumes		1	
wrong	York County	PA	1	York County
real	St Peters	MO	310	St Peters
junk	Millers Point		1	
real	Wildwood	MO	177	Wildwood
junk	San Lorenzo Valley	CA	2	
foreign	Meerut		2	
real	Jamaica ny		1	Jamaica
foreign	Ahmedabad		4	
junk	4318 Geary Blvd #201		1	
junk	Lamb Hall Ground Floor Breezeway		1	
foreign	Monte-Carlo, MC	NV	1	
real	Tiburon	CA	63	Tiburon
foreign	Johor Bahru		1	
real	St Marys	GA	4	St Marys
real	Alta Vista	CA	1	Alta Vista
junk	901 3rd Ave		1	
metro	Kansas City Metropolitan Area		1	Kansas City
junk	2300 Dawson Rd		1	
junk	1376 Miners Dr #106		1	
real	Fort Mitchell	KY	1	Fort Mitchell
junk	660 13th St #300		1	
foreign	Sesimbra		1	
real	North Brunswick Township		1	North Brunswick Township
real	North Springfield	VA	5	North Springfield
real	Kensington	CT	1	Kensington
real	Blue Ash		1	Blue Ash
foreign	Comox		1	
foreign	Lichfield		1	
foreign	Utrecht		1	
real	Ocean Township	NJ	1	Ocean Township
junk	1 Parish Ln		1	
wrong	Las Vegas, US	NV	2	Las Vegas
junk	360 Connecticut Ave		1	
real	Mayfield	OH	54	Mayfield
metro	Cape Coral Metropolitan Area		1	Cape Coral
junk	McClellan Park		1	
junk	8383 N Pecos St		6	
junk	2625 Hayward Dr		1	
junk	100 Pegasus Parkway		1	
foreign	Alicante		1	
junk	2084 Fourth St		1	
junk	13059 Persimmon Ln		1	
junk	20100 Lake Chabot Rd		1	
foreign	Orizaba		1	
junk	50 Clinton St	NY	1	
junk	8500 Annapolis Rd #213		1	
junk	1490 Foremaster Dr Bldg A		1	
real	Cherry Hill Township		1	
real	St Petersburg		8	
junk	215 Margie Dr		1	
junk	799 W Trenton Ave		1	
wrong	San Francisco	NJ	1	San Francisco
junk	150 N Main St		1	
real	Mt Dora		1	
junk	46 Hillsdale Mall		1	
real	White Plains	CT	5	
real	St Joseph	MI	1	
foreign	The Hague		2	
real	Leadington	MO	4	
junk	285 Industrial St		1	
junk	1305 Middlefield Rd #1		1	
junk	Street: 1126 se airport rd		1	
real	St Louis	MO	2	
wrong	Ina, IL	NV	1	
real	Florida	FL	1	Florida
foreign	Gurugram		6	
real	Sugar Hill	GA	8	
junk	1511 S Claremont St		1	
real	St Martinville	LA	1	
foreign	Shanghai, CN	UT	1	
junk	8500 Hunters Village		2	
real	Mountain House	CA	2	
foreign	Gurgaon		10	
junk	Bindoo Zalan Gam		1	
real	Fort Macleod	AB	1	
junk	NYC + SOFLO		1	
wrong	Hobbs, New Mexico	NV	1	Hobbs
metro	Greater Colorado Springs Area	CO	1	Colorado Springs
real	West St Paul	MN	1	
junk	8150 Moorsbridge Rd		1	
real	Montrose	OH	1	Montrose
real	West Dundee	IL	2	West Dundee
metro	New York City Metropolitan Area		10	New York City
junk	300 Page St		2	
foreign	Slough		1	
junk	11943 El Camino Real #200		1	
foreign	Jalandhar		1	
junk	Department of Comparative Medicine	CA	4	
real	St Ann	MO	25	St Ann
wrong	US	UT	4	
real	Bright	ON	1	Bright
real	Mt Vernon	NY	1	Mt Vernon
wrong	Redwood shores	CA	1	Redwood Shores
junk	CA - California		2	
real	Ucluelet	BC	1	Ucluelet
real	Setauket- East Setauket	NY	1	Setauket- East Setauket
junk	Bausi		1	
real	Cañon City	CO	3	Cañon City
foreign	Providencia		1	
junk	928 Manchester Expy		1	
foreign	Surat		1	
real	Bluffdale	UT	10	Bluffdale
foreign	Digboi		1	
real	Manassas park	VA	3	Manassas Park
real	Bowling Green Ohio	OH	1	Bowling Green
real	Sagamore Hills	OH	10	Sagamore Hills
foreign	Darbhanga		1	
wrong	Salt Lake City	CA	1	Salt Lake City
real	Camp Springs	MD	4	Camp Springs
real	Lake Tapps	WA	1	Lake Tapps
junk	30 3rd St		1	
foreign	Freiburg		1	
real	North Potomac	MD	2	North Potomac
real	Fredonia	AL	3	Fredonia
real	Hackensack	NY	3	Hackensack
real	Nisku	AB	4	Nisku
wrong	Las Vegas	CA	3	Las Vegas
wrong	Michigan	MI	2	
real	Warrensville Heights	OH	130	Warrensville Heights
foreign	Nagpur		1	
real	Orlando, Florida	FL	2	Orlando
real	Flint Twp		1	Flint Twp
wrong	Niles	CA	1	Niles
foreign	Newcastle upon Tyne		1	
real	Port St Lucie	FL	1	Port St Lucie
junk	1540 Marchbanks Dr		1	
real	Logan Township	NJ	1	Logan Township
real	Johns Creek		5	Johns Creek
junk	2169 Summer St		1	
foreign	Thoothukudi		1	
metro	Greater Plymouth Area		1	Plymouth
real	Black Jack	MO	11	Black Jack
real	High River		1	High River
real	Pemberton Meadows	BC	1	Pemberton Meadows
real	Kaysville, UT	UT	1	Kaysville
junk	2210 Oak Ridge Way		1	
real	Parksville	BC	2	Parksville
foreign	Cork		3	
real	Mt Pleasant	WI	1	Mt Pleasant
foreign	Karachi		2	
real	Oakbrook terrace	IL	1	Oakbrook Terrace
foreign	Mexico City		5	
real	Beausejour		1	Beausejour
junk	2175 Salk Ave #200	CA	1	
junk	germany	UT	1	
wrong	Philadelphia	TX	1	Philadelphia
junk	9484 W Lake Mead Blvd # 2		1	
wrong	Big Spring, Texas	UT	1	Big Spring
junk	2200 W 29th Ave		1	
real	Brookhaven	GA	3	Brookhaven
real	Rock Hill	MO	2	Rock Hill
real	Kitimat	BC	1	Kitimat
metro	Bay Area	CA	6	Bay Area
real	Springdale	OH	1	Springdale
junk	1001 Shadow Ln # 7423		1	
real	Cheverly	MD	1	Cheverly
wrong	Warrensvl Hts	OH	2	Warrensvl Hts
foreign	South Jakarta		1	
real	Ellisville	MO	310	Ellisville
real	Vernon Township		1	
junk	2555 Hilton Garden Dr		2	
real	Merritt	BC	2	
junk	UPR MONTCLAIR	NJ	1	
foreign	Adana		1	
real	SeaTac	WA	14	
real	Washington Terrace	UT	1	
junk	California(CA)		2	
real	St Louis Park	MN	2	
real	Dawson Creek	BC	1	
wrong	Portland	WA	6	Portland
real	Thompson	MB	1	
junk	483 Middle Turnpike W Suite 309		1	
junk	Thane		1	
real	Laveen Village	AZ	1	
real	Washington	WA	2	
junk	Eccleston		1	
metro	Greater Sacramento	SC	6	Sacramento
metro	Cleveland/ Akron	OH	1	Cleveland
real	Fieldsboro	NJ	1	
junk	3403 Hall Ln		1	
wrong	Otsego, Michigan	UT	1	Otsego
real	Castle Pines		1	
junk	21900 East Quincy Ave		1	
junk	2625 Zanker Rd # 101		1	
junk	1244 E Lark St		1	
metro	Des Moines Metropolitan Area		1	Des Moines
junk	1400 S Pilgrim Blvd		1	
real	Saint Thomas	ON	1	
junk	5952 El Cajon Blvd		1	
junk	8120 S Holly St #214	CO	1	
junk	361 3rd St		1	
junk	Street: 5701 lonetree blvd		1	
real	Tysons	VA	288	
foreign	Tbilisi	CO	1	
junk	9025 E Mineral Cir STE 102		1	
real	Freehold Township	NJ	1	
real	Berwyn Heights	MD	1	
wrong	California	HI	1	California
junk	9671 N Nevada St # 210		1	
junk	195 N Redwood Dr		1	
wrong	Union City	NY	18	Union City
real	Amherstburg	ON	12	Amherstburg
wrong	Monroe, Louisiana	CA	1	Monroe
real	Midvale, Utah	UT	1	Midvale
real	Scituate	RI	15	Scituate
metro	Omaha Metropolitan Area		1	Omaha
foreign	Brașov		1	
real	Prince Rupert	BC	1	Prince Rupert
junk	601 E Foothill Blvd		1	
foreign	Bukit Mertajam		1	
real	Whitecourt	AB	1	Whitecourt
junk	4805 Murphy Canyon Rd		1	
real	Mcrae-helena	GA	3	McRae-Helena
real	St cloud	FL	12	St. Cloud
junk	801 Jefferson Ave		1	
junk	16909 Chagrin Blvd		1	
metro	Greater Philadelphia	PA	1	Philadelphia
real	Fall River	RI	2	Fall River
junk	1933 Davis St suite 200-b		1	
junk	1455 Adams Dr Suite 1155		1	
junk	2021 Clubhouse Dr # 110		10	
real	South Sioux City	SD	1	South Sioux City
junk	403 Corte Madera Town Center		1	
junk	Georgia		1	
real	Erda	UT	10	Erda
junk	620 Shadow Ln		1	
junk	Https://www.linkedin.com/in/steve-baker		1	
real	Dardenne Prairie	MO	21	Dardenne Prairie
wrong	Independence Ohio	OH	1	Independence
real	St Charles	MO	445	St. Charles
foreign	Suzhou		1	
wrong	Mountain	CA	1	Mountain
real	Nw Salem	OR	1	Salem
wrong	Big Bear	CA	1	Big Bear
real	Foxfield	CO	14	Foxfield
foreign	Kulai		1	
real	Palos verdes estates	CA	1	Palos Verdes Estates
metro	Buffalo-Niagara Falls Area		1	Buffalo-Niagara Falls
real	Mt Airy	MD	1	Mt. Airy
wrong	Garden City	CA	1	Garden City
junk	3775 Martin Way E STE A		1	
foreign	Buenos Aires		1	
junk	701 S College Ave		1	
foreign	Kharagpur		1	
metro	Greater orlando area	FL	1	Orlando
real	Arden-Arcade	CA	4	Arden-Arcade
real	St paul	MN	1	St Paul
foreign	Nairobi		3	
real	Yonkers	NJ	2	Yonkers
real	Moorhead	ND	9	Moorhead
foreign	Agua Prieta		7	
real	Middleborough	MA	2	Middleborough
real	100 Mile House	BC	1	100 Mile House
real	Fairmont City	IL	15	Fairmont City
foreign	New Delhi		11	
real	Eastvale	CA	5	Eastvale
real	Westwood	KS	2	Westwood
real	Hot Springs	AR	1	Hot Springs
wrong	Cedar hills	UT	1	Cedar Hills
junk	Skipton		1	
foreign	Sohag		1	
wrong	San Diego County	CA	2	San Diego
real	Upper Darby Township	PA	1	Upper Darby Township
real	Englewood	NY	20	Englewood
junk	6800 Avenida Encinas		1	
wrong	Snellville, GA	UT	1	Snellville
junk	2040 10th Ave		6	
real	St. Petersburg	FL	79	St. Petersburg
metro	North Port-Sarasota Area		1	North Port-Sarasota
foreign	Dharan		1	
junk	South Kingstown		1	
real	Portola Valley	CA	20	Portola Valley
foreign	Wangen		1	
wrong	San Francisco	NC	4	San Francisco
foreign	Chandigarh		2	
real	Mt Sterling	KY	1	Mt Sterling
wrong	California	ON	1	California
foreign	Bierbeek		1	
real	Stocklmeir	CA	1	Stocklmeir
real	Henderson, Nevada	NV	3	
junk	2029 Valleygate Dr STE 201		2	
real	High River	AB	1	
junk	4200 James Ave		4	
real	Barrhead	AB	2	
junk	1040 Davis St # 101		1	
foreign	Zarautz		1	
metro	Greater Los Angeles	CA	1	Los Angeles
foreign	Jakarta		5	
real	Sicamous		1	
foreign	Rotorua		1	
real	Lakewood ranch	FL	1	
junk	126 Booker St		1	
junk	850 Webster St		1	
junk	410 W 10th St		1	
junk	1180 Beacon St #2b		2	
junk	409 13th St Suite #1900		2	
wrong	West Jordan, US	UT	1	West Jordan
foreign	L'Aquila		1	
foreign	Haslemere		1	
junk	FX STATION	VA	2	
junk	australia	UT	1	
junk	California (CA)		2	
junk	city: Buena Vista		1	
foreign	Badajoz		1	
real	Rolling Hills Estates	CA	1	
real	Belle River	ON	1	
junk	1521 Redding Dr		2	
wrong	Seven Hills, Ohio	NV	1	Seven Hills
wrong	Dulles, VA, US	NV	1	Dulles
real	South Arlington	VA	1	
foreign	Kolkata		8	
real	Indian Harbour Beach		1	
wrong	San Antonio	CA	1	San Antonio
real	EXETER	NV	1	
metro	Kansas City And Saint Louis	MO	2	Kansas City
foreign	Madurai		1	
real	St. Louis	IL	1	
real	Spanish Lake	MO	7	
junk	127 Osigian Blvd b		2	
real	Tinton Falls	NJ	1	
real	Belleair Bluffs	FL	7	
wrong	Bayonne	NY	13	Bayonne
junk	Nationwide, US	CA	1	
foreign	Tulum, MX	UT	1	
wrong	San Diego	KS	1	San Diego
real	Greenwood Village	CO	1606	
junk	2753 Janitell Rd		1	
foreign	Agadir		1	
real	Bethesda	VA	6	
foreign	Pforzheim		1	
junk	14950 Greyhound Ct		1	
wrong	Valley	CA	1	Valley
real	Sydney River	NS	1	
real	Cold Lake	AB	2	
junk	CA		13	
metro	Wausau-Stevens Point Area		1	Wausau-Stevens Point Area
metro	Marin County	CA	2	Marin County
junk	5555 Conner St		1	
junk	Silver Spring Metro Center II		1	
real	St Albans	MO	1	
junk	Languages & Communication		5	
wrong	Bountiful, Utah	UT	1	Bountiful
real	Belmar, NJ	NJ	1	
metro	Detroit Metropolitan Area		4	Detroit
wrong	Mesa, Arizona	NV	2	Mesa
metro	Greater Cleveland	OH	14	Cleveland
wrong	Anamosa, Iowa	UT	1	Anamosa
junk	10115 Manchester Rd #200	MO	1	
junk	7347 Bell Creek Rd #300		1	
real	North Bethesda	MD	5	
foreign	Kulim		1	
junk	360 Cox Rd		1	
real	Lebanon	VT	4	
real	St Jacob	IL	3	
junk	1204 Blaylock St		1	
real	Edson	AB	3	
real	Provident Credit Union	CA	2	
junk	240 State Rte 247 Spur		7	
foreign	Towcester		1	
junk	Sweeney Hall		4	
wrong	Portland	CA	1	Portland
junk	17001 Albers Ave		1	
real	Louisville	IN	1	Louisville
wrong	Cleveland Ohio	OH	1	Cleveland
junk	Street: 10998 wilcrest dr		1	
junk	US	CA	4	
real	East St Louis	IL	52	East St Louis
foreign	Thiruvananthapuram		1	
junk	3535 Levy Rd		1	
junk	Kelim	CO	2	
foreign	Pristina		1	
foreign	Bratislava		1	
junk	1603 Orchard Hill Rd		2	
real	Quesnel		1	Quesnel
real	Bailey's Crossroads	VA	5	Bailey's Crossroads
foreign	Nainital		1	
junk	811 Sherman Oaks Dr		2	
junk	2001 E Samford Ave		1	
junk	7 N Knoll Rd # 7		2	
metro	San Francisco Bay Area		218	San Francisco
metro	Greater Syracuse-Auburn Area		2	Syracuse
real	Milton	GA	2	Milton
real	Voorhees Township	NJ	1	Voorhees Township
real	Drumheller	AB	2	Drumheller
junk	250 Miles Around Cleveland	OH	2	
wrong	Benjamin	UT	2	Benjamin
junk	canada	UT	1	
junk	760 Communications Pkwy #100		1	
wrong	Fairbanks Ranch	CA	1	Fairbanks Ranch
junk	6110 Yarrow Dr		1	
junk	781 Beta Dr Suite I		2	
junk	Street: null		14	
metro	Greater los angeles area	CA	1	Los Angeles
real	Dover	ME	2	Dover
junk	1807 Central Ave		1	
junk	5119 5th Ave		2	
real	Wall Township	NJ	1	Wall Township
wrong	Park City	IL	2	Park City
junk	201 San Anselmo Ave		1	
junk	800 Hope Pl		1	
real	Columbine	CO	26	Columbine
junk	3640 Lawrenceville Rd		1	
real	University Heights	OH	4	University Heights
real	Forest Heights	MD	1	Forest Heights
real	Peace River	AB	1	Peace River
real	Sunset	UT	1	Sunset
foreign	Helsinki		1	
junk	6698 Amador Plaza Rd a		1	
junk	1900 Fruitvale Ave #2a		1	
real	Henrico	VA	2	Henrico
junk	100 Bay Pl		2	
real	Breckenridge Hills	MO	7	Breckenridge Hills
real	Lehi, Utah	UT	1	Lehi
foreign	General Escobedo		1	
real	Riverwoods	IL	1	Riverwoods
junk	A Professional Buidling		1	
metro	Silicon Valley	CA	11	Silicon Valley
foreign	Maun		2	
junk	in your area		3	
junk	6398 Telegraph Ave		3	
junk	Steeple Bumpstead		1	
real	Las Vegas, NV, US	NV	2	Las Vegas
foreign	Tokyo		18	
junk	505 W Market St		1	
junk	Street: 1995 windy hill rd		1	
foreign	St. Gallen		1	
real	Camden	PA	30	Camden
real	N Canton	OH	4	North Canton
metro	Symphony	CA	1	Symphony
real	Nisku		2	Nisku
real	Burr Ridge		1	Burr Ridge
real	New Haven	CA	1	New Haven
real	Gresham	WA	4	Gresham
junk	RU	NV	1	
real	Morden	MB	1	Morden
real	Centennial	CO	2204	Centennial
junk	between 17th&18th at		1	
foreign	Guwahati		1	
real	E Cleveland	OH	2	East Cleveland
junk	801 Elberta Rd		1	
junk	4150 Truxel Rd B		1	
real	Olmsted Township	OH	1	Olmsted Township
real	Morinville	AB	1	Morinville
real	Adair Village	OR	2	Adair Village
wrong	San Francisco	SC	1	San Francisco
real	Shaker Heights	OH	2	Shaker Heights
junk	1011 - 1027 Worth St		4	
junk	2844 Summit St #206		1	
junk	817 GA-247 Unit 5		1	
junk	18 3rd St SW #300		3	
junk	491 9th St		1	
foreign	Bandung		1	
metro	Broward County	FL	1	Broward County
junk	Tyre		1	
junk	125A Siringo Rd		1	
real	Bancroft	CA	1	Bancroft
junk	Batesburg-Leesville		2	
junk	710 Coronado Center Dr STE 100		1	
real	Indian Harbour Beach	FL	2	Indian Harbour Beach
foreign	Zhejiang		1	
junk	1 Scobee Cir Unit 2A		4	
foreign	Zug		1	
wrong	St. Littleton	CO	1	Littleton
foreign	Lausanne		1	
foreign	Oyo		1	
real	Portsmouth	ME	1	Portsmouth
real	Highland Heights	OH	81	Highland Heights
foreign	Vadodara		2	
real	Quebec City	QC	2	Quebec City
wrong	San Mateo, US	CA	1	San Mateo
foreign	Marrakesh		1	
junk	1500 Scott St suite 200		1	
real	Mentor-on-the-lake	OH	5	Mentor-on-the-lake
junk	MIDDLE CITY EAST	PA	1	
junk	6222 Wilshire Blvd #103		1	
wrong	Sacramento	AZ	1	Sacramento
real	Alexandria City County	VA	1	Alexandria City County
junk	2441 NW 43rd St STE 16		1	
real	Hamilton Township	NJ	31	Hamilton Township
foreign	Seoul		3	
foreign	s-Hertogenbosch		1	
wrong	Sheffield	OH	2	Sheffield
real	Timonium	MD	10	Timonium
junk	Street: 3021 e la jolla st		1	
real	Indian Shores	FL	2	Indian Shores
junk	165 Middle Turnpike W		3	
real	Claremont	VT	1	Claremont
junk	Street: 201 e. court street		1	
wrong	Twin Falls, Idaho	NV	1	Twin Falls
real	St Francis	MN	3	St Francis
junk	Street: 1 waterview drive		1	
metro	Akron/cleveland	OH	4	Akron
wrong	Philadelphia	NJ	12	Philadelphia
real	Cedar Hills	UT	3	Cedar Hills
real	Ave Tampa	FL	1	Tampa
real	Lawrence Township	NJ	1	Lawrence Township
real	Clyde Hill	WA	1	Clyde Hill
junk	1222 John F. Kennedy Blvd		1	
real	Cedar Fort	UT	1	Cedar Fort
real	Bonny Doon	CA	4	Bonny Doon
real	Deer Park	IL	2	Deer Park
junk	1055 Tierra Del Rey		2	
junk	425 Tutus Point #1011		2	
foreign	Abu Dhabi		1	
real	Weldon Spring	MO	17	Weldon Spring
foreign	Accra		1	
junk	5459 W 7800 S		1	
real	Cavan	ON	1	Cavan
real	West Bloomfield Township	MI	7	West Bloomfield Township
junk	395 Doherty Dr		1	
foreign	Niteroi		1	
real	Manassas Park	VA	43	Manassas Park
real	Cherry Creek	CO	1	Cherry Creek
real	Ladysmith	BC	1	Ladysmith
real	Clearfield, Utah	UT	1	Clearfield
real	Hill Afb, Utah	UT	1	Hill Afb
foreign	Lagos		4	
real	Seven Hills	CA	1	Seven Hills
foreign	Ho Chi Minh City		3	
foreign	Bat Yam		1	
wrong	Tracy, California	UT	1	Tracy
real	Lyndhurst	OH	15	Lyndhurst
real	Willoughby Hills	OH	28	Willoughby Hills
junk	Street: 9080 laguna main st		1	
real	Jurupa Valley		1	Jurupa Valley
real	Uintah	UT	2	Uintah
junk	G2G8+W2		1	
real	South Jordan, UT	UT	2	South Jordan
junk	SeeSnake & SeekTech Repair	CA	1	
foreign	Klaipeda		1	
metro	Greater San Diego Area		1	San Diego
real	Brick Township	NJ	4	Brick Township
junk	440 Narragansett Trail		1	
foreign	Wakayama		1	
real	East Windsor	NJ	4	East Windsor
metro	Greater Portsmouth Area		1	Portsmouth
junk	640 Veterans Pkwy		1	
real	Mountain Park	GA	1	Mountain Park
foreign	Istanbul		2	
foreign	Annecy		1	
foreign	Rosarito		1	
real	Fort Moore	GA	19	Fort Moore
metro	Cleveland/akron	OH	5	Cleveland
real	Aston Township	PA	1	Aston Township
metro	Greater Minneapolis-St. Paul Area		7	Minneapolis-St. Paul
metro	Greater Eugene-springfield Area		48	Eugene-Springfield
junk	1138 Sutter St		2	
real	West Bountiful	UT	4	West Bountiful
real	St Clair Shores	MI	3	St Clair Shores
junk	74 Clinton Ave		5	
foreign	Bhopal		1	
real	Montreal	QC	14	Montreal
foreign	Chittagong		1	
junk	9025 E Mineral Cir STE 102	CO	1	
junk	220 Linden Oaks # 340		1	
real	Oakbrook Terrace	IL	9	Oakbrook Terrace
real	Twin Falls, Idaho	UT	1	Twin Falls
wrong	Sacramento	ME	1	Sacramento
metro	Orange County	CA	6	Orange County
real	Twin Oaks	MO	3	
junk	12500 Lake Ridge Dr		1	
foreign	Tel Aviv-Yafo		1	
real	Jonesville	FL	3	
wrong	netherlands	UT	1	
junk	4020 Palmer Park Blvd # 103A		2	
real	Ontario	ON	1	
junk	1601 Milltown Rd Suite 25		1	
junk	5850 Wilshire Blvd		1	
real	Oak Hill	VA	6	
junk	Mission viejoviejo	CA	1	
junk	8805 50th Ave		1	
real	South Lebanon	OR	24	
foreign	Hartley Wintney		1	
metro	Greater Chicago Area	IL	17	Chicago
junk	6240 S Main St Suite 220		1	
metro	Arnhem-Nijmegen Metropolitan Area		1	Arnhem-Nijmegen
foreign	Hyderabad		64	
foreign	Yafa an-Naseriyye		1	
real	Richmond County	GA	1	
real	Derby	CO	1	
real	Olive Branch	TN	4	
foreign	Kumasi		1	
real	Ashburn Virginia	DC	2	Ashburn
real	Stansbury Park	UT	5	
junk	Street: 6822 harford rd		1	
junk	5300 Sidney Simons Blvd		3	
real	West Windsor Township	NJ	1	
foreign	Ciudad Juarez		1	
junk	210 W C St #100	ON	1	
foreign	Regensburg		1	
real	Mt Dora	FL	3	
real	Hamilton Township	PA	3	
junk	2495 Kensington Ave		2	
junk	570 Sylvan St		1	
junk	Greater Houston		1	
junk	352 Shaw Rd		2	
junk	600 Getty Ave		2	
junk	Jackson Township		11	
junk	661C Boston Post Rd E		3	
real	Kincardine	ON	1	
junk	Aveley		1	
foreign	Merida		1	
foreign	Vilnius		5	
wrong	Arizona	AZ	1	
real	North Bethesda		1	
real	Robins Air Force Base	GA	19	Robins Air Force Base
real	Warson Woods	MO	2	
junk	Gauteng		1	
wrong	San Francisco	AL	1	
real	Irondequoit	NY	1	
junk	2200 E Cedar Ave #5		2	
real	Fort Saskatchewan	AB	6	
junk	Pinawa		1	
junk	2615 Riverside Blvd		1	
real	Woodland Park	NJ	1	
real	Aspen Park	CO	1	
wrong	Forsyth County	GA	1	
junk	South Barrington		1	
junk	Natl Stock Yd	IL	3	
junk	186 W Veterans Hwy		2	
real	Taylorsville	UT	41	
foreign	Jhajjar		1	
real	West Falls Church	VA	7	
junk	7677 Oakport St Suite 930		2	
real	Reading	CA	1	
real	Charlotte	SC	1	
real	Gunnison, Utah	UT	1	
junk	27421 Tourney Rd STE 180		1	
junk	12 Post Office Square		12	
real	Commerce Charter Twp	MI	1	
junk	beyondspotsanddots.com		1	
junk	880 Clay St		1	
wrong	Gargo	ND	1	
wrong	Colorado	CO	5	
real	Upland	PA	1	
junk	5601 77 Center Dr. Suite 220		3	
junk	1233 Edgewater St NW		1	
metro	Greater Sacramento		8	Greater Sacramento
real	Mt Angel	OR	4	
real	Castle Pines	CO	114	
wrong	San Francisco	MT	1	San Francisco
junk	730 Upsala Rd		1	
foreign	Kuala Lumpur		1	
foreign	Brasilia		2	
real	Weston	FL	2	
real	Timonium		8	
wrong	Boardman, Oregon	NV	1	Boardman
real	Blue Ash	OH	1	
real	McClellan Park	CA	3	
junk	2555 Cal Young Rd		1	
foreign	Stockton-on-Tees		1	
junk	1200 Broad St #300		3	
foreign	Auckland		2	
real	Elkhorn Township	NE	1	
real	Nelson	BC	2	
junk	2113 Hartford Rd		1	
junk	Hamilton Township		9	
real	West New York	NY	7	
foreign	Johannesburg, ZA	UT	1	
metro	Greater Seattle Area	WA	2	Seattle
real	Fort Saskatchewan		2	
real	Middleton Town	WI	2	
metro	Greater Chicago Area		1	Chicago
foreign	Porvoo		1	